<?xml version="1.0" encoding="UTF-8" standalone="yes"?>
<addon id="plugin.video.ivysilani.cz" name="iVysílání — Česká televize" version="1.4.0" provider-name="Štěpán Ort">
    <requires>
        <import addon="xbmc.python" version="3.0.0"/>
        <import addon="script.module.stream.resolver" version="1.7.0"/>
	    <import addon="script.module.web-pdb" optional="true"/>
    </requires>
    <extension point="xbmc.python.pluginsource" library="addon.py">
        <provides>video</provides>
    </extension>
    <extension point="xbmc.addon.metadata">
        <summary>iVysílání — Česká televize</summary>
        <description>Plugin to play videos and live TV from Czech Television's iVysilani</description>
        <description lang="cs_CZ">Plugin nabízí přístup do archivu České televize iVysílání i přehrávání kanálů živě.
        </description>
        <platform>all</platform>
	<language>cs en sk</language>
    </extension>
</addon>
