<?xml version="1.0" encoding="UTF-8" standalone="yes"?>
<addon id="repository.seizu" name="seizu Repo" version="1.7.12" provider-name="seizu">
	<extension point="xbmc.addon.repository" name="seizu Repository">
        <dir>
           <info compressed="false">https://raw.githubusercontent.com/seizu/seizuRepo/master/docs/addons.xml</info>
           <checksum>https://raw.githubusercontent.com/seizu/seizuRepo/master/docs/addons.xml.md5</checksum>
           <datadir zip="true">https://raw.githubusercontent.com/seizu/seizuRepo/master/docs/zips/</datadir>
        </dir>

        <dir>
            <info compressed="false">https://raw.githubusercontent.com/Gujal00/smrzips/master/addons.xml</info>
            <checksum>https://raw.githubusercontent.com/Gujal00/smrzips/master/addons.xml.md5</checksum>
            <datadir zip="true">https://raw.githubusercontent.com/Gujal00/smrzips/master/zips/</datadir>
        </dir>		
		
        <dir>
             <info compressed="false">https://raw.githubusercontent.com/dobbelina/repository.dobbelina/master/addons.xml</info>
             <checksum>https://raw.githubusercontent.com/dobbelina/repository.dobbelina/master/addons.xml.md5</checksum>
             <datadir zip="true">https://raw.githubusercontent.com/dobbelina/repository.dobbelina/master/</datadir>
		</dir>		
	</extension>
	
	<extension point="xbmc.addon.metadata">
		<platform>all</platform>
		<description lang="en">seizuRepo (tm)</description>
		<website>https://seizu.github.io/seizuRepo</website>
		<assets>
			<icon>icon.png</icon>
		</assets> 			
	</extension>
</addon>