<?xml version="1.0" encoding="UTF-8" standalone="yes"?>
<addon id="plugin.video.filmpalast.ex" name="FilmPalastEx Kodi19+" version="0.4.3" provider-name="seizu">
    <requires>
        <import addon="xbmc.python" version="3.0.0"/>
        <import addon="script.module.resolveurl" version="5.1.149"/>
        <import addon="script.module.web-pdb" version="1.6.2" optional="true"/>
    </requires>
    <extension point="xbmc.python.pluginsource" library="default.py">
        <provides>video</provides>
    </extension>
    <extension point="xbmc.addon.metadata">
        <platform>all</platform>
        <summary lang="de">FilmPalast.to FiLME &amp; SERiEN sofort &amp; kostenlos online ansehen!</summary>
        <summary lang="en">FilmPalast.to MOViS &amp; SERiES, watch online instantly free!</summary>
        <description lang="en">FilmPalastEx - Based on FilmPalast plugin by Lary_Loose</description>
		<assets>
			<icon>icon.png</icon>
		</assets>        
    </extension>
</addon>
